DateTime,Players,Twitch Viewers,Events,Prize
17/07/2015,764390,54466,,
18/07/2015,792754,66743,,
19/07/2015,807297,61229,,
20/07/2015,783793,57261,,
21/07/2015,756317,47972,,
22/07/2015,794089,46924,,
23/07/2015,807766,55952,,
24/07/2015,804324,51277,,
25/07/2015,831185,38703,,
26/07/2015,836977,341784,The International,"18,429,613"
27/07/2015,819270,461644,The International,"18,429,613"
28/07/2015,857715,400357,The International,"18,429,613"
29/07/2015,772649,398874,The International,"18,429,613"
30/07/2015,862533,324766,The International,"18,429,613"
31/07/2015,877264,146257,The International,"18,429,613"
01/08/2015,888922,31051,The International,"18,429,613"
02/08/2015,869897,34630,The International,"18,429,613"
03/08/2015,849227,491849,The International,"18,429,613"
04/08/2015,867682,386041,The International,"18,429,613"
05/08/2015,881341,466955,The International,"18,429,613"
06/08/2015,892250,522537,The International,"18,429,613"
07/08/2015,905992,482442,The International,"18,429,613"
08/08/2015,929855,558671,The International,"18,429,613"
09/08/2015,933942,545813,,
10/08/2015,903742,40120,,
11/08/2015,891526,38488,,
12/08/2015,871844,42142,,
13/08/2015,843077,43350,,
14/08/2015,882479,48972,,
15/08/2015,912167,64358,,
16/08/2015,913025,54404,,
17/08/2015,871136,54634,,
18/08/2015,887483,77567,,
19/08/2015,865650,75803,,
20/08/2015,859559,63779,,
21/08/2015,883124,56987,,
22/08/2015,914821,43790,,
23/08/2015,898915,50815,,
24/08/2015,875519,53133,,
25/08/2015,871290,56393,,
26/08/2015,869550,52667,,
27/08/2015,878261,59405,,
28/08/2015,904806,57879,,
29/08/2015,928196,54183,,
30/08/2015,929404,48978,,
31/08/2015,866614,66829,,
01/09/2015,848618,76693,,
02/09/2015,712621,67493,,
03/09/2015,805198,101465,,
04/09/2015,853017,152886,,
05/09/2015,888728,162745,,
06/09/2015,872955,137048,,
07/09/2015,808091,75766,,
08/09/2015,794153,57850,,
09/09/2015,779742,71273,,
10/09/2015,741933,66190,,
11/09/2015,816490,80795,,
12/09/2015,863533,68077,,
13/09/2015,887735,95823,,
14/09/2015,804409,96726,,
15/09/2015,797276,67141,,
16/09/2015,788458,47331,,
17/09/2015,780077,58717,,
18/09/2015,843743,74378,,
19/09/2015,854655,72185,,
20/09/2015,727645,94976,,
21/09/2015,759409,99137,,
22/09/2015,777899,173445,,
23/09/2015,675559,146077,,
24/09/2015,790979,141326,,
25/09/2015,830620,112087,,
26/09/2015,869752,87453,,
27/09/2015,861278,156243,,
28/09/2015,785665,116515,,
29/09/2015,793599,129978,,
30/09/2015,794067,132334,,
01/10/2015,783710,102081,,
02/10/2015,806087,57956,,
03/10/2015,806902,158949,,
04/10/2015,846506,192056,,
05/10/2015,741110,158399,,
06/10/2015,784148,94008,,
07/10/2015,769463,141936,,
08/10/2015,774094,66466,,
09/10/2015,807696,133528,,
10/10/2015,891315,170664,,
11/10/2015,871013,187973,,
12/10/2015,777595,189624,,
13/10/2015,789560,168301,,
14/10/2015,781300,114114,,
15/10/2015,775912,129824,,
16/10/2015,838099,64564,,
17/10/2015,886420,65399,,
18/10/2015,877413,60972,,
19/10/2015,783032,130560,,
20/10/2015,788728,99736,,
21/10/2015,737324,199967,,
22/10/2015,614219,163882,,
23/10/2015,855782,101481,,
24/10/2015,920726,99588,,
25/10/2015,880653,123545,,
26/10/2015,787502,143600,,
27/10/2015,794911,128958,,
28/10/2015,794600,85880,,
29/10/2015,807071,131279,,
30/10/2015,812865,101236,,
31/10/2015,884658,90106,,
01/11/2015,820301,273776,,
02/11/2015,804955,123714,,
03/11/2015,807035,104424,,
04/11/2015,827611,120123,,
05/11/2015,812189,113304,,
06/11/2015,862751,149603,,
07/11/2015,936435,101705,,
08/11/2015,883820,106151,,
09/11/2015,786685,93595,,
10/11/2015,764623,54226,,
11/11/2015,758508,62913,,
12/11/2015,762902,93692,,
13/11/2015,770842,229114,The Frankfurt Major,"3,000,000"
14/11/2015,893696,197005,The Frankfurt Major,"3,000,000"
15/11/2015,885519,57173,The Frankfurt Major,"3,000,000"
16/11/2015,768503,244065,The Frankfurt Major,"3,000,000"
17/11/2015,762878,246731,The Frankfurt Major,"3,000,000"
18/11/2015,805364,280026,The Frankfurt Major,"3,000,000"
19/11/2015,814711,249796,The Frankfurt Major,"3,000,000"
20/11/2015,868800,341104,The Frankfurt Major,"3,000,000"
21/11/2015,943635,408379,The Frankfurt Major,"3,000,000"
22/11/2015,938452,63060,,
23/11/2015,819893,52488,,
24/11/2015,824984,77937,,
25/11/2015,801070,71356,,
26/11/2015,806469,124792,,
27/11/2015,872981,86297,,
28/11/2015,932447,89393,,
29/11/2015,892824,162152,,
30/11/2015,785340,51563,,
01/12/2015,787339,197384,,
02/12/2015,793816,200025,,
03/12/2015,811370,187652,,
04/12/2015,875300,137954,,
05/12/2015,965737,111449,,
06/12/2015,910799,144848,,
07/12/2015,812398,195742,,
08/12/2015,809411,68072,,
09/12/2015,801863,126915,,
10/12/2015,813830,134027,,
11/12/2015,875420,127965,,
12/12/2015,945840,157611,,
13/12/2015,912044,217290,,
14/12/2015,811128,182153,,
15/12/2015,823501,72068,,
16/12/2015,853789,58533,,
17/12/2015,878623,101702,,
18/12/2015,949318,94928,,
19/12/2015,979628,104035,,
20/12/2015,999452,152378,,
21/12/2015,863814,53150,,
22/12/2015,870708,79515,,
23/12/2015,855222,90097,,
24/12/2015,816695,79849,,
25/12/2015,869546,60155,,
26/12/2015,950224,66864,,
27/12/2015,926607,126242,,
28/12/2015,901861,191361,,
29/12/2015,888853,165199,,
30/12/2015,909917,78702,,
31/12/2015,806555,56004,,
01/01/2016,908676,60679,,
02/01/2016,967158,60796,,
03/01/2016,936423,95409,,
04/01/2016,906887,108564,,
05/01/2016,916418,89983,,
06/01/2016,907849,96960,,
07/01/2016,915795,198879,,
08/01/2016,971474,224671,,
09/01/2016,1016123,185085,,
10/01/2016,978404,225445,,
11/01/2016,868092,92362,,
12/01/2016,888782,87015,,
13/01/2016,858890,232820,,
14/01/2016,870706,219489,,
15/01/2016,919812,259720,,
16/01/2016,996761,265211,,
17/01/2016,967204,315083,,
18/01/2016,885798,82136,,
19/01/2016,876166,98311,,
20/01/2016,880816,102847,,
21/01/2016,884792,108776,,
22/01/2016,946767,93956,,
23/01/2016,1022688,97424,,
24/01/2016,1003513,86289,,
25/01/2016,929946,105854,,
26/01/2016,880313,105354,,
27/01/2016,876146,93539,,
28/01/2016,922032,83801,,
29/01/2016,997689,77670,,
30/01/2016,1067949,76283,,
31/01/2016,1047836,146684,,
01/02/2016,993486,125994,,
02/02/2016,945797,146996,,
03/02/2016,931889,126473,,
04/02/2016,965592,147357,,
05/02/2016,1000846,156480,,
06/02/2016,1093897,130217,,
07/02/2016,1127317,155635,,
08/02/2016,1080658,155743,,
09/02/2016,1012750,125652,,
10/02/2016,934637,129965,,
11/02/2016,886275,94613,,
12/02/2016,925500,144538,,
13/02/2016,1107352,115236,,
14/02/2016,1170144,163145,,
15/02/2016,1050989,187514,,
16/02/2016,999717,154842,,
17/02/2016,1090386,205840,,
18/02/2016,954507,83291,,
19/02/2016,1121480,79918,,
20/02/2016,1201420,72104,,
21/02/2016,1196126,73197,,
22/02/2016,1095546,91046,,
23/02/2016,1143594,75094,,
24/02/2016,1098648,68179,,
25/02/2016,1024281,213962,The Shanghai Major,"3,000,000"
26/02/2016,1153809,197118,The Shanghai Major,"3,000,000"
27/02/2016,1165206,215895,The Shanghai Major,"3,000,000"
28/02/2016,1248394,241065,The Shanghai Major,"3,000,000"
29/02/2016,1052123,80090,The Shanghai Major,"3,000,000"
01/03/2016,1138653,80772,The Shanghai Major,"3,000,000"
02/03/2016,1081111,244465,The Shanghai Major,"3,000,000"
03/03/2016,921469,237820,The Shanghai Major,"3,000,000"
04/03/2016,1013455,258563,The Shanghai Major,"3,000,000"
05/03/2016,1246426,240050,The Shanghai Major,"3,000,000"
06/03/2016,1291328,339020,The Shanghai Major,"3,000,000"
07/03/2016,989453,83634,,
08/03/2016,1005460,76672,,
09/03/2016,903254,68664,,
10/03/2016,897208,72093,,
11/03/2016,977257,69264,,
12/03/2016,1192793,77151,,
13/03/2016,1014433,113813,,
14/03/2016,885350,68079,,
15/03/2016,922669,79009,,
16/03/2016,942661,119478,,
17/03/2016,1004820,65333,,
18/03/2016,1033078,68936,,
19/03/2016,1086823,218260,,
20/03/2016,991554,294519,,
21/03/2016,895818,71545,,
22/03/2016,923745,76906,,
23/03/2016,920575,82740,,
24/03/2016,970287,75033,,
25/03/2016,879819,85948,,
26/03/2016,1009146,77005,,
27/03/2016,950291,117400,,
28/03/2016,900401,119520,,
29/03/2016,923884,91621,,
30/03/2016,1028892,86606,,
31/03/2016,893561,97214,,
01/04/2016,978016,89459,,
02/04/2016,1020215,105342,,
03/04/2016,1009641,93642,,
04/04/2016,906954,131578,,
05/04/2016,866902,101081,,
06/04/2016,912967,117714,,
07/04/2016,882142,142551,,
08/04/2016,1092497,94157,,
09/04/2016,1164041,79803,,
10/04/2016,1130501,96261,,
11/04/2016,1003496,142924,,
12/04/2016,891653,100696,,
13/04/2016,942024,81161,,
14/04/2016,984923,214013,,
15/04/2016,926866,205173,,
16/04/2016,979987,235747,,
17/04/2016,942751,341103,,
18/04/2016,837640,133491,,
19/04/2016,873649,129851,,
20/04/2016,866355,173924,,
21/04/2016,977275,175566,,
22/04/2016,925060,132299,,
23/04/2016,1007743,257560,,
24/04/2016,1092606,196565,,
25/04/2016,872906,89919,,
26/04/2016,969811,72257,,
27/04/2016,899369,92526,,
28/04/2016,871988,148032,,
29/04/2016,916857,180012,,
30/04/2016,944783,160048,,
01/05/2016,893786,206650,,
02/05/2016,873719,85321,,
03/05/2016,877671,162518,,
04/05/2016,863315,163908,,
05/05/2016,876961,180358,,
06/05/2016,919529,163560,,
07/05/2016,941896,89045,,
08/05/2016,944043,66969,,
09/05/2016,874930,135492,,
10/05/2016,847817,197920,,
11/05/2016,829995,193747,,
12/05/2016,862858,223987,,
13/05/2016,983743,229049,,
14/05/2016,1075307,213766,,
15/05/2016,1056621,321688,,
16/05/2016,910008,109438,,
17/05/2016,986868,105158,,
18/05/2016,989222,104267,,
19/05/2016,988180,81894,,
20/05/2016,1027366,85765,,
21/05/2016,1073994,126381,,
22/05/2016,1068217,136590,,
23/05/2016,963981,94495,,
24/05/2016,1000686,105244,,
25/05/2016,949238,103218,,
26/05/2016,1030731,114462,,
27/05/2016,998972,101384,,
28/05/2016,1016949,112162,,
29/05/2016,988129,124392,,
30/05/2016,962426,77438,,
31/05/2016,940251,103777,,
01/06/2016,921697,76824,,
02/06/2016,946165,53846,,
03/06/2016,971003,222431,The Manila Major,"3,000,000"
04/06/2016,984916,216579,The Manila Major,"3,000,000"
05/06/2016,994354,56142,The Manila Major,"3,000,000"
06/06/2016,968052,54373,The Manila Major,"3,000,000"
07/06/2016,945905,381268,The Manila Major,"3,000,000"
08/06/2016,970836,483285,The Manila Major,"3,000,000"
09/06/2016,968942,310729,The Manila Major,"3,000,000"
10/06/2016,976803,281690,The Manila Major,"3,000,000"
11/06/2016,982760,343702,The Manila Major,"3,000,000"
12/06/2016,1036733,454387,The Manila Major,"3,000,000"
13/06/2016,962167,55806,,
14/06/2016,1008577,48782,,
15/06/2016,901222,59193,,
16/06/2016,884161,54579,,
17/06/2016,955263,187177,,
18/06/2016,950177,199421,,
19/06/2016,915821,279421,,
20/06/2016,889938,88390,,
21/06/2016,889602,182988,,
22/06/2016,875589,154820,,
23/06/2016,941517,128842,,
24/06/2016,934397,79086,,
25/06/2016,996156,147833,,
26/06/2016,1095994,185829,,
27/06/2016,899151,148587,,
28/06/2016,941866,173198,,
29/06/2016,934635,117686,,
30/06/2016,876437,69444,,
01/07/2016,955332,61104,,
02/07/2016,1034523,70187,,
03/07/2016,1084198,83766,,
04/07/2016,907396,70969,,
05/07/2016,938774,61601,,
06/07/2016,847444,67836,,
07/07/2016,851606,58889,,
08/07/2016,902646,49933,,
09/07/2016,953051,47687,,
10/07/2016,971591,78459,,
11/07/2016,834216,84814,,
12/07/2016,868018,60073,,
13/07/2016,832214,113447,,
14/07/2016,869082,152968,,
15/07/2016,910739,142870,,
16/07/2016,972512,166457,,
17/07/2016,883939,172527,,
18/07/2016,923904,117116,,
19/07/2016,932897,79183,,
20/07/2016,940417,63899,,
21/07/2016,864108,145790,,
22/07/2016,899179,109554,,
23/07/2016,959735,154490,,
24/07/2016,950579,200212,,
25/07/2016,941567,178271,,
26/07/2016,945911,74033,,
27/07/2016,922817,45153,,
28/07/2016,772739,49307,,
29/07/2016,1050910,42561,,
30/07/2016,1028542,42476,,
31/07/2016,982324,47591,,
01/08/2016,853948,40240,,
02/08/2016,857039,326980,,
03/08/2016,847193,410065,,
04/08/2016,856402,383363,,
05/08/2016,887038,419037,,
06/08/2016,946299,194342,,
07/08/2016,908839,41333,,
08/08/2016,1007423,471886,The International,"20,770,460"
09/08/2016,1016288,395071,The International,"20,770,460"
10/08/2016,868027,405060,The International,"20,770,460"
11/08/2016,877254,434174,The International,"20,770,460"
12/08/2016,1025898,398881,The International,"20,770,460"
13/08/2016,1096936,623824,The International,"20,770,460"
14/08/2016,1117159,563969,,
15/08/2016,1009525,49035,,
16/08/2016,950802,43008,,
17/08/2016,937666,41981,,
18/08/2016,999632,40204,,
19/08/2016,1117519,57795,,
20/08/2016,1041687,62162,,
21/08/2016,1023582,56525,,
22/08/2016,1001926,48449,,
23/08/2016,895178,64543,,
24/08/2016,992383,73711,,
25/08/2016,951103,54429,,
26/08/2016,1007106,58235,,
27/08/2016,1054773,59951,,
28/08/2016,1069334,51695,,
29/08/2016,1008354,60442,,
30/08/2016,963143,50147,,
31/08/2016,989275,65944,,
01/09/2016,874030,81006,,
02/09/2016,939022,48766,,
03/09/2016,1064377,61231,,
04/09/2016,1046892,67263,,
05/09/2016,961806,60393,,
06/09/2016,952043,47044,,
07/09/2016,939048,52668,,
08/09/2016,965343,58004,,
09/09/2016,925155,65446,,
10/09/2016,1017684,55796,,
11/09/2016,1047489,73537,,
12/09/2016,949933,73945,,
13/09/2016,955281,55788,,
14/09/2016,876337,60129,,
15/09/2016,877136,46581,,
16/09/2016,938429,54805,,
17/09/2016,992073,55209,,
18/09/2016,934347,77466,,
19/09/2016,876777,78643,,
20/09/2016,843493,68517,,
21/09/2016,839727,58546,,
22/09/2016,871261,65269,,
23/09/2016,982236,53877,,
24/09/2016,1048369,57313,,
25/09/2016,1025262,51573,,
26/09/2016,929709,75258,,
27/09/2016,823318,60797,,
28/09/2016,796064,99044,,
29/09/2016,823204,78422,,
30/09/2016,907927,90846,,
01/10/2016,956207,111462,,
02/10/2016,924284,134826,,
03/10/2016,925861,57164,,
04/10/2016,812146,56443,,
05/10/2016,846864,62040,,
06/10/2016,846536,89703,,
07/10/2016,1005075,76581,,
08/10/2016,1080120,72863,,
09/10/2016,1124393,91965,,
10/10/2016,1013684,52781,,
11/10/2016,869275,68001,,
12/10/2016,871250,58506,,
13/10/2016,899020,70038,,
14/10/2016,979648,61213,,
15/10/2016,1073189,76907,,
16/10/2016,1141191,77548,,
17/10/2016,986810,85964,,
18/10/2016,844890,92099,,
19/10/2016,844007,77204,,
20/10/2016,883446,89181,,
21/10/2016,936017,72221,,
22/10/2016,1082337,84355,,
23/10/2016,1038782,109831,,
24/10/2016,925082,80258,,
25/10/2016,849224,88266,,
26/10/2016,835726,66384,,
27/10/2016,841845,130775,,
28/10/2016,898644,145584,,
29/10/2016,972484,184048,,
30/10/2016,996442,217120,,
31/10/2016,869077,98673,,
01/11/2016,863536,88645,,
02/11/2016,858232,98442,,
03/11/2016,894056,102380,,
04/11/2016,992486,99673,,
05/11/2016,1007270,85770,,
06/11/2016,989444,155144,,
07/11/2016,867157,81770,,
08/11/2016,838370,84801,,
09/11/2016,821215,64478,,
10/11/2016,826504,90747,,
11/11/2016,902780,114420,,
12/11/2016,994439,100779,,
13/11/2016,925056,124644,,
14/11/2016,837416,53095,,
15/11/2016,831356,54865,,
16/11/2016,830947,136024,,
17/11/2016,861867,123881,,
18/11/2016,914620,117605,,
19/11/2016,987571,131849,,
20/11/2016,936117,173538,,
21/11/2016,800134,142595,,
22/11/2016,840040,56739,,
23/11/2016,829744,77255,,
24/11/2016,837744,79759,,
25/11/2016,901685,79567,,
26/11/2016,978078,98250,,
27/11/2016,923811,68009,,
28/11/2016,821273,54767,,
29/11/2016,843972,50431,,
30/11/2016,818679,45483,,
01/12/2016,848867,50436,,
02/12/2016,934549,43824,,
03/12/2016,967219,254504,The Boston Major,"3,000,000"
04/12/2016,955268,223254,The Boston Major,"3,000,000"
05/12/2016,879093,176690,The Boston Major,"3,000,000"
06/12/2016,837835,47420,The Boston Major,"3,000,000"
07/12/2016,848425,327184,The Boston Major,"3,000,000"
08/12/2016,862031,279094,The Boston Major,"3,000,000"
09/12/2016,931048,431587,The Boston Major,"3,000,000"
10/12/2016,1014671,390775,The Boston Major,"3,000,000"
11/12/2016,1007709,394545,,
12/12/2016,926544,96782,,
13/12/2016,837491,123470,,
14/12/2016,869479,106399,,
15/12/2016,853568,79347,,
16/12/2016,904964,87283,,
17/12/2016,969426,101539,,
18/12/2016,946978,95888,,
19/12/2016,842047,68072,,
20/12/2016,846536,64276,,
21/12/2016,836669,76390,,
22/12/2016,840496,69101,,
23/12/2016,882051,69612,,
24/12/2016,882639,62357,,
25/12/2016,872565,92281,,
26/12/2016,855793,65485,,
27/12/2016,854494,58137,,
28/12/2016,852077,68337,,
29/12/2016,849283,74381,,
30/12/2016,876045,60656,,
31/12/2016,777536,47373,,
01/01/2017,850626,46698,,
02/01/2017,886188,55074,,
03/01/2017,850585,61145,,
04/01/2017,851594,63362,,
05/01/2017,860155,87934,,
06/01/2017,891607,141739,,
07/01/2017,951912,151861,,
08/01/2017,900939,231960,,
09/01/2017,751709,68268,,
10/01/2017,792744,58187,,
11/01/2017,817786,69400,,
12/01/2017,804433,77648,,
13/01/2017,848643,80593,,
14/01/2017,924825,94524,,
15/01/2017,902299,69312,,
16/01/2017,807531,71685,,
17/01/2017,798005,72105,,
18/01/2017,787071,92781,,
19/01/2017,804010,91143,,
20/01/2017,823242,152262,,
21/01/2017,869907,183887,,
22/01/2017,865928,212912,,
23/01/2017,790204,151777,,
24/01/2017,780377,81676,,
25/01/2017,772369,79284,,
26/01/2017,777407,107376,,
27/01/2017,933055,85973,,
28/01/2017,1007451,133892,,
29/01/2017,966828,141603,,
30/01/2017,896830,157335,,
31/01/2017,912614,166767,,
01/02/2017,931120,125351,,
02/02/2017,944817,83254,,
03/02/2017,983760,94750,,
04/02/2017,1040877,169109,,
05/02/2017,1022731,165156,,
06/02/2017,919171,116167,,
07/02/2017,818519,182856,,
08/02/2017,824841,139760,,
09/02/2017,839432,134768,,
10/02/2017,882398,131709,,
11/02/2017,944609,114926,,
12/02/2017,915733,119830,,
13/02/2017,816284,123748,,
14/02/2017,763854,57072,,
15/02/2017,828207,74383,,
16/02/2017,864908,73959,,
17/02/2017,880635,85484,,
18/02/2017,924359,69654,,
19/02/2017,900158,72186,,
20/02/2017,813340,76825,,
21/02/2017,816915,52852,,
22/02/2017,824230,58820,,
23/02/2017,836361,104242,,
24/02/2017,891018,113212,,
25/02/2017,938859,143630,,
26/02/2017,869726,220700,,
27/02/2017,798602,50068,,
28/02/2017,760247,72927,,
01/03/2017,793551,54172,,
02/03/2017,792133,63458,,
03/03/2017,838369,63685,,
04/03/2017,886096,68696,,
05/03/2017,836762,62819,,
06/03/2017,740427,132815,,
07/03/2017,770591,77428,,
08/03/2017,791145,131355,,
09/03/2017,751210,111400,,
10/03/2017,851839,187961,,
11/03/2017,916995,193713,,
12/03/2017,871958,262323,,
13/03/2017,761569,325165,,
14/03/2017,758831,120957,,
15/03/2017,756315,84726,,
16/03/2017,751091,68174,,
17/03/2017,868543,59426,,
18/03/2017,945789,92217,,
19/03/2017,886398,101696,,
20/03/2017,808535,76237,,
21/03/2017,549146,63033,,
22/03/2017,552204,68316,,
23/03/2017,796385,57278,,
24/03/2017,855034,56445,,
25/03/2017,881402,67981,,
26/03/2017,864526,67670,,
27/03/2017,785429,145357,,
28/03/2017,767539,151363,,
29/03/2017,768780,125300,,
30/03/2017,780174,50862,,
31/03/2017,814617,46641,,
01/04/2017,877691,219166,,
02/04/2017,862265,192701,,
03/04/2017,811103,175952,,
04/04/2017,786278,205246,,
05/04/2017,803248,56339,,
06/04/2017,803526,57320,,
07/04/2017,851614,61228,,
08/04/2017,921318,54310,,
09/04/2017,856823,65390,,
10/04/2017,732923,89577,,
11/04/2017,743478,76413,,
12/04/2017,737123,61710,,
13/04/2017,761425,72029,,
14/04/2017,806490,76658,,
15/04/2017,847250,63645,,
16/04/2017,797696,69760,,
17/04/2017,758335,57294,,
18/04/2017,744324,53466,,
19/04/2017,730801,58547,,
20/04/2017,756855,62342,,
21/04/2017,834565,103250,,
22/04/2017,884941,124901,,
23/04/2017,847525,76162,,
24/04/2017,777807,327532,The Kiev Major,"3,000,000"
25/04/2017,760200,308276,The Kiev Major,"3,000,000"
26/04/2017,757343,35283,The Kiev Major,"3,000,000"
27/04/2017,754646,356973,The Kiev Major,"3,000,000"
28/04/2017,810855,346975,The Kiev Major,"3,000,000"
29/04/2017,848244,443129,The Kiev Major,"3,000,000"
30/04/2017,853022,742097,The Kiev Major,"3,000,000"
01/05/2017,838185,36152,,
02/05/2017,788655,48253,,
03/05/2017,769058,54905,,
04/05/2017,782872,95136,,
05/05/2017,886899,96557,,
06/05/2017,972876,67008,,
07/05/2017,952500,105554,,
08/05/2017,941005,148234,,
09/05/2017,916746,99141,,
10/05/2017,868699,112878,,
11/05/2017,858389,139336,,
12/05/2017,917185,125942,,
13/05/2017,979135,178040,,
14/05/2017,917636,163050,,
15/05/2017,843240,116050,,
16/05/2017,869592,91681,,
17/05/2017,847504,96400,,
18/05/2017,838472,116771,,
19/05/2017,891027,129248,,
20/05/2017,933878,131486,,
21/05/2017,911123,218030,,
22/05/2017,838678,44764,,
23/05/2017,840390,52000,,
24/05/2017,805905,58334,,
25/05/2017,797062,124650,,
26/05/2017,818968,124630,,
27/05/2017,923635,151056,,
28/05/2017,873294,215761,,
29/05/2017,873918,65205,,
30/05/2017,847800,74473,,
31/05/2017,832495,55582,,
01/06/2017,819490,43781,,
02/06/2017,867666,40218,,
03/06/2017,928430,61594,,
04/06/2017,883822,198702,,
05/06/2017,830751,219827,,
06/06/2017,809983,229996,,
07/06/2017,797249,224381,,
08/06/2017,814489,102703,,
09/06/2017,823567,257979,,
10/06/2017,883729,207121,,
11/06/2017,855823,341000,,
12/06/2017,822562,45409,,
13/06/2017,791495,65206,,
14/06/2017,785651,110956,,
15/06/2017,872641,144624,,
16/06/2017,834131,116248,,
17/06/2017,906754,131547,,
18/06/2017,855060,189319,,
19/06/2017,802120,151020,,
20/06/2017,784766,65631,,
21/06/2017,780268,64287,,
22/06/2017,784437,134503,,
23/06/2017,826125,72565,,
24/06/2017,863411,103786,,
25/06/2017,832429,74418,,
26/06/2017,770095,201584,,
27/06/2017,740686,206336,,
28/06/2017,756732,256769,,
29/06/2017,763219,192685,,
30/06/2017,791816,121495,,
01/07/2017,841974,51844,,
02/07/2017,816698,46571,,
03/07/2017,759540,45747,,
04/07/2017,760692,45949,,
05/07/2017,745407,65436,,
06/07/2017,667224,70900,,
07/07/2017,665592,76335,,
08/07/2017,820135,113014,,
09/07/2017,779676,91089,,
10/07/2017,760038,55995,,
11/07/2017,712701,49364,,
12/07/2017,702882,72741,,
13/07/2017,712311,56244,,
14/07/2017,746156,44917,,
15/07/2017,815283,62435,,
16/07/2017,771664,46472,,
17/07/2017,725785,45153,,
18/07/2017,719330,50270,,
19/07/2017,706971,39329,,
20/07/2017,714711,65343,,
21/07/2017,745225,69160,,
22/07/2017,784920,107160,,
23/07/2017,757880,93513,,
24/07/2017,717978,49021,,
25/07/2017,712943,58490,,
26/07/2017,696908,51841,,
27/07/2017,723427,55313,,
28/07/2017,744006,46642,,
29/07/2017,780246,58769,,
30/07/2017,759097,50174,,
31/07/2017,706517,49600,,
01/08/2017,712943,47738,,
02/08/2017,717029,510842,,
03/08/2017,738377,425216,,
04/08/2017,782808,387231,,
05/08/2017,826943,369008,,
06/08/2017,803444,40387,,
07/08/2017,760616,580076,The International,"10,862,683"
08/08/2017,762209,584557,The International,"10,862,683"
09/08/2017,764643,508513,The International,"10,862,683"
10/08/2017,778124,578368,The International,"10,862,683"
11/08/2017,820461,506475,The International,"10,862,683"
12/08/2017,877952,845577,The International,"10,862,683"
13/08/2017,858468,717172,,
14/08/2017,801058,44300,,
15/08/2017,801132,38613,,
16/08/2017,779914,50590,,
17/08/2017,777417,51117,,
18/08/2017,816788,49451,,
19/08/2017,857010,47996,,
20/08/2017,868759,56902,,
21/08/2017,781646,52872,,
22/08/2017,780991,56792,,
23/08/2017,792795,42901,,
24/08/2017,798270,50757,,
25/08/2017,816440,51746,,
26/08/2017,842919,85645,,
27/08/2017,838519,52765,,
28/08/2017,758740,49675,,
29/08/2017,763792,55539,,
30/08/2017,744960,46311,,
31/08/2017,774046,45493,,
01/09/2017,775954,56932,,
02/09/2017,838489,39499,,
03/09/2017,814693,61812,,
04/09/2017,726102,64288,,
05/09/2017,722703,62348,,
06/09/2017,721583,81886,,
07/09/2017,731744,59400,,
08/09/2017,772862,52360,,
09/09/2017,814062,70510,,
10/09/2017,774100,62647,,
11/09/2017,696354,94705,,
12/09/2017,697777,101637,,
13/09/2017,684224,113841,,
14/09/2017,693773,63187,,
15/09/2017,766687,65977,,
16/09/2017,783228,106006,,
17/09/2017,748347,138863,,
18/09/2017,657887,149404,,
19/09/2017,656007,107423,,
20/09/2017,684958,131804,,
21/09/2017,733406,93966,,
22/09/2017,726513,139176,,
23/09/2017,767921,206831,,
24/09/2017,742660,143283,,
25/09/2017,645377,117074,,
26/09/2017,640552,118482,,
27/09/2017,644287,120455,,
28/09/2017,658696,111602,,
29/09/2017,705559,119281,,
30/09/2017,754453,128295,,
01/10/2017,717184,78038,,
02/10/2017,669792,53518,,
03/10/2017,663316,110168,,
04/10/2017,638188,80452,,
05/10/2017,652620,116827,,
06/10/2017,694296,110883,,
07/10/2017,742165,69912,,
08/10/2017,716458,72378,,
09/10/2017,639707,95307,,
10/10/2017,625464,39612,,
11/10/2017,622666,53334,,
12/10/2017,816110,109844,,
13/10/2017,778608,214221,,
14/10/2017,751216,172805,,
15/10/2017,729715,200963,,
16/10/2017,629981,49949,,
17/10/2017,630984,35838,,
18/10/2017,612579,44227,,
19/10/2017,619587,92575,,
20/10/2017,837599,178076,,
21/10/2017,744024,142512,,
22/10/2017,709881,151325,,
23/10/2017,629061,53722,,
24/10/2017,632817,49854,,
25/10/2017,620282,47433,,
26/10/2017,635460,176526,ESL One Hamburg,"1,000,000"
27/10/2017,665748,230035,ESL One Hamburg,"1,000,000"
28/10/2017,741867,189661,ESL One Hamburg,"1,000,000"
29/10/2017,738394,282934,ESL One Hamburg,"1,000,000"
30/10/2017,720932,124045,,
31/10/2017,693089,88073,,
01/11/2017,788741,77702,,
02/11/2017,760272,132456,,
03/11/2017,764641,159662,,
04/11/2017,807834,174284,,
05/11/2017,779509,196988,,
06/11/2017,741044,121133,,
07/11/2017,679878,112741,,
08/11/2017,649690,142167,,
09/11/2017,677750,173507,,
10/11/2017,727364,148724,,
11/11/2017,786940,113472,,
12/11/2017,758069,185104,,
13/11/2017,690572,134715,,
14/11/2017,634089,227242,,
15/11/2017,619877,182013,,
16/11/2017,640608,182383,,
17/11/2017,719090,78581,,
18/11/2017,752560,150287,,
19/11/2017,725103,133504,,
20/11/2017,659041,125464,,
21/11/2017,661700,152591,,
22/11/2017,612966,223843,,
23/11/2017,710240,114170,,
24/11/2017,747663,112839,,
25/11/2017,864584,101949,,
26/11/2017,813528,155037,,
27/11/2017,673581,66851,,
28/11/2017,690391,106401,,
29/11/2017,666134,82303,,
30/11/2017,683324,64660,,
01/12/2017,699223,208261,DreamLeague Season 8,"1,000,000"
02/12/2017,802526,228589,DreamLeague Season 8,"1,000,000"
03/12/2017,773657,293383,DreamLeague Season 8,"1,000,000"
04/12/2017,707020,71431,,
05/12/2017,719675,60904,,
06/12/2017,646820,51844,,
07/12/2017,646457,57022,,
08/12/2017,700175,110234,,
09/12/2017,790683,121776,,
10/12/2017,723585,147388,,
11/12/2017,648467,67463,,
12/12/2017,658943,78075,,
13/12/2017,618393,109668,,
14/12/2017,621950,121715,,
15/12/2017,796810,101040,,
16/12/2017,864939,115982,,
17/12/2017,852159,135636,,
18/12/2017,796896,116100,,
19/12/2017,802183,60664,,
20/12/2017,676223,92716,,
21/12/2017,670751,91246,,
22/12/2017,685073,123155,,
23/12/2017,730239,62228,,
24/12/2017,714067,46365,,
25/12/2017,725389,48123,,
26/12/2017,804158,45837,,
27/12/2017,829471,48524,,
28/12/2017,701863,39668,,
29/12/2017,704433,47434,,
30/12/2017,730266,47182,,
31/12/2017,648744,41940,,
01/01/2018,679635,45355,,
02/01/2018,707766,48657,,
03/01/2018,697706,51738,,
04/01/2018,706176,133569,,
05/01/2018,734940,150367,,
06/01/2018,780059,134694,,
07/01/2018,775539,181512,,
08/01/2018,765307,129984,,
09/01/2018,759245,60335,,
10/01/2018,608220,83474,,
11/01/2018,641474,90669,,
12/01/2018,671365,76574,,
13/01/2018,739483,79284,,
14/01/2018,738549,104723,,
15/01/2018,682159,68823,,
16/01/2018,716260,64167,,
17/01/2018,587276,74146,,
18/01/2018,616503,60672,,
19/01/2018,661394,66056,,
20/01/2018,739866,109581,,
21/01/2018,724554,151536,,
22/01/2018,671956,54386,,
23/01/2018,670405,109497,,
24/01/2018,616414,107947,,
25/01/2018,650583,129072,,
26/01/2018,686006,128816,,
27/01/2018,764256,132319,,
28/01/2018,715618,182289,,
29/01/2018,649703,45289,,
30/01/2018,634039,56574,,
31/01/2018,635923,56836,,
01/02/2018,632093,85069,,
02/02/2018,702049,118498,,
03/02/2018,782579,131264,,
04/02/2018,723465,163328,,
05/02/2018,643777,65170,,
06/02/2018,653302,86820,,
07/02/2018,610232,62144,,
08/02/2018,612055,117577,,
09/02/2018,645320,103955,,
10/02/2018,686371,136349,,
11/02/2018,677416,92467,,
12/02/2018,604460,181148,,
13/02/2018,594668,102393,,
14/02/2018,556587,88095,,
15/02/2018,596452,83155,,
16/02/2018,604853,78170,,
17/02/2018,640124,83480,,
18/02/2018,636921,57364,,
19/02/2018,572608,59767,,
20/02/2018,577711,173367,ESL One Katowice,"1,000,000"
21/02/2018,575739,140961,ESL One Katowice,"1,000,000"
22/02/2018,599689,182484,ESL One Katowice,"1,000,000"
23/02/2018,630666,159938,ESL One Katowice,"1,000,000"
24/02/2018,684577,223560,ESL One Katowice,"1,000,000"
25/02/2018,664000,292339,ESL One Katowice,"1,000,000"
26/02/2018,600983,71739,,
27/02/2018,604004,61231,,
28/02/2018,589949,57662,,
01/03/2018,601283,60923,,
02/03/2018,647604,60139,,
03/03/2018,780113,52463,,
04/03/2018,675024,215312,The Bucharest Major,"1,000,000"
05/03/2018,581450,218370,The Bucharest Major,"1,000,000"
06/03/2018,597098,170312,The Bucharest Major,"1,000,000"
07/03/2018,601473,241687,The Bucharest Major,"1,000,000"
08/03/2018,618572,62145,The Bucharest Major,"1,000,000"
09/03/2018,664760,275534,The Bucharest Major,"1,000,000"
10/03/2018,703841,360332,The Bucharest Major,"1,000,000"
11/03/2018,658069,397940,The Bucharest Major,"1,000,000"
12/03/2018,573511,74752,,
13/03/2018,626122,45364,,
14/03/2018,608757,69600,,
15/03/2018,609285,85701,,
16/03/2018,673603,86000,,
17/03/2018,766493,178800,,
18/03/2018,730821,131771,,
19/03/2018,624649,54826,,
20/03/2018,588361,76386,,
21/03/2018,610111,167263,,
22/03/2018,605007,159707,,
23/03/2018,652831,143008,,
24/03/2018,730665,174028,,
25/03/2018,714845,164924,,
26/03/2018,620067,76680,,
27/03/2018,617144,74466,,
28/03/2018,623540,50779,,
29/03/2018,653680,145727,Asia Championship,"1,000,000"
30/03/2018,667909,168921,Asia Championship,"1,000,000"
31/03/2018,716912,167181,Asia Championship,"1,000,000"
01/04/2018,683745,221943,Asia Championship,"1,000,000"
02/04/2018,631933,51663,Asia Championship,"1,000,000"
03/04/2018,614594,164468,Asia Championship,"1,000,000"
04/04/2018,650948,197140,Asia Championship,"1,000,000"
05/04/2018,646034,182069,Asia Championship,"1,000,000"
06/04/2018,682642,257290,Asia Championship,"1,000,000"
07/04/2018,733580,266263,Asia Championship,"1,000,000"
08/04/2018,700501,46178,,
09/04/2018,643437,50786,,
10/04/2018,633481,49791,,
11/04/2018,616710,51766,,
12/04/2018,629749,102437,,
13/04/2018,658821,143613,,
14/04/2018,719957,174565,,
15/04/2018,684185,131946,,
16/04/2018,624873,72954,,
17/04/2018,626549,56869,,
18/04/2018,616732,72767,,
19/04/2018,621653,70949,,
20/04/2018,658317,64858,,
21/04/2018,721058,88949,,
22/04/2018,699732,123521,,
23/04/2018,626308,63947,,
24/04/2018,625567,68580,,
25/04/2018,608569,61407,,
26/04/2018,614264,51441,,
27/04/2018,638021,172656,EPICENTER XL,"1,000,000"
28/04/2018,671635,222651,EPICENTER XL,"1,000,000"
29/04/2018,665584,252145,EPICENTER XL,"1,000,000"
30/04/2018,672306,310168,EPICENTER XL,"1,000,000"
01/05/2018,673089,323253,EPICENTER XL,"1,000,000"
02/05/2018,641728,256712,EPICENTER XL,"1,000,000"
03/05/2018,632178,42059,EPICENTER XL,"1,000,000"
04/05/2018,684080,294292,EPICENTER XL,"1,000,000"
05/05/2018,722102,334206,EPICENTER XL,"1,000,000"
06/05/2018,714768,372562,EPICENTER XL,"1,000,000"
07/05/2018,656976,50557,,
08/05/2018,681052,75933,,
09/05/2018,766124,75303,,
10/05/2018,763122,91160,,
11/05/2018,787753,79349,,
12/05/2018,850371,93818,,
13/05/2018,831583,56731,,
14/05/2018,732975,107534,MDL Changsha Major,"1,000,000"
15/05/2018,731898,93166,MDL Changsha Major,"1,000,000"
16/05/2018,733331,104552,MDL Changsha Major,"1,000,000"
17/05/2018,739475,43965,MDL Changsha Major,"1,000,000"
18/05/2018,741090,129846,MDL Changsha Major,"1,000,000"
19/05/2018,826910,128660,MDL Changsha Major,"1,000,000"
20/05/2018,788473,167380,MDL Changsha Major,"1,000,000"
21/05/2018,735506,64523,,
22/05/2018,718829,57054,,
23/05/2018,712164,143232,ESL One Birmingham ,"1,000,000"
24/05/2018,708239,117963,ESL One Birmingham ,"1,000,000"
25/05/2018,728096,118891,ESL One Birmingham ,"1,000,000"
26/05/2018,793048,166089,ESL One Birmingham ,"1,000,000"
27/05/2018,769700,258075,ESL One Birmingham ,"1,000,000"
28/05/2018,740924,52227,,
29/05/2018,719200,54757,,
30/05/2018,706263,54597,,
31/05/2018,716262,53614,,
01/06/2018,738643,50932,,
02/06/2018,783354,199654,China Dota 2 Super Major,"1,500,000"
03/06/2018,765986,139156,China Dota 2 Super Major,"1,500,000"
04/06/2018,693319,192580,China Dota 2 Super Major,"1,500,000"
05/06/2018,696025,214478,China Dota 2 Super Major,"1,500,000"
06/06/2018,675772,157274,China Dota 2 Super Major,"1,500,000"
07/06/2018,732203,187184,China Dota 2 Super Major,"1,500,000"
08/06/2018,785040,57356,China Dota 2 Super Major,"1,500,000"
09/06/2018,775795,229412,China Dota 2 Super Major,"1,500,000"
10/06/2018,797767,356724,China Dota 2 Super Major,"1,500,000"
11/06/2018,753523,48286,,
12/06/2018,750215,53518,,
13/06/2018,695581,48532,,
14/06/2018,690667,156327,,
15/06/2018,796694,154912,,
16/06/2018,713520,138826,,
17/06/2018,738369,118945,,
18/06/2018,674839,148941,,
19/06/2018,658109,115403,,
20/06/2018,653552,187938,,
21/06/2018,656156,201314,,
22/06/2018,684259,135481,,
23/06/2018,737928,131814,,
24/06/2018,720726,156053,,
25/06/2018,645894,184091,,
26/06/2018,644721,87288,,
27/06/2018,646900,44480,,
28/06/2018,675706,42664,,
29/06/2018,700899,55960,,
30/06/2018,698215,58497,,
01/07/2018,706227,54739,,
02/07/2018,641938,64481,,
03/07/2018,645397,71262,,
04/07/2018,652133,79806,,
05/07/2018,649650,63264,,
06/07/2018,641501,75056,,
07/07/2018,689835,60297,,
08/07/2018,704947,68800,,
09/07/2018,641629,74820,,
10/07/2018,642048,72090,,
11/07/2018,640753,57414,,
12/07/2018,629668,52862,,
13/07/2018,653417,44371,,
14/07/2018,664150,87746,,
15/07/2018,669554,57614,,
16/07/2018,630702,56866,,
17/07/2018,638207,54202,,
18/07/2018,641427,59586,,
19/07/2018,633501,49440,,
20/07/2018,661950,49891,,
21/07/2018,706228,53236,,
22/07/2018,691282,61515,,
23/07/2018,638826,56412,,
24/07/2018,640014,53319,,
25/07/2018,631484,98348,,
26/07/2018,634774,104167,,
27/07/2018,659829,106221,,
28/07/2018,703913,115105,,
29/07/2018,694674,151365,,
30/07/2018,650729,61770,,
31/07/2018,642747,52826,,
01/08/2018,658922,56017,,
02/08/2018,651499,55650,,
03/08/2018,694766,53645,,
04/08/2018,720867,64913,,
05/08/2018,708076,141206,,
06/08/2018,664267,68622,,
07/08/2018,662379,64470,,
08/08/2018,651816,56309,,
09/08/2018,649636,55265,,
10/08/2018,644892,44513,,
11/08/2018,672937,51695,,
12/08/2018,689527,55930,,
13/08/2018,633591,62734,,
14/08/2018,633665,64898,,
15/08/2018,638170,539368,,
16/08/2018,649906,513169,,
17/08/2018,674974,426077,,
18/08/2018,749803,442019,,
19/08/2018,772173,238240,,
20/08/2018,721568,669730,The International,"25,532,177"
21/08/2018,731151,526329,The International,"25,532,177"
22/08/2018,718306,533330,The International,"25,532,177"
23/08/2018,714113,677519,The International,"25,532,177"
24/08/2018,746687,586585,The International,"25,532,177"
25/08/2018,830388,784769,The International,"25,532,177"
26/08/2018,799926,712412,,
27/08/2018,735872,47137,,
28/08/2018,730268,46742,,
29/08/2018,718474,48505,,
30/08/2018,709167,46735,,
31/08/2018,740862,36182,,
01/09/2018,779625,54089,,
02/09/2018,763150,59410,,
03/09/2018,678076,77724,,
04/09/2018,680541,54285,,
05/09/2018,653217,46889,,
06/09/2018,654170,49287,,
07/09/2018,706645,39596,,
08/09/2018,720464,43626,,
09/09/2018,750234,47976,,
10/09/2018,678176,109397,,
11/09/2018,680447,98914,,
12/09/2018,672478,58513,,
13/09/2018,718562,80227,,
14/09/2018,745817,108902,,
15/09/2018,817924,58911,,
16/09/2018,827979,161992,,
17/09/2018,743726,106911,,
18/09/2018,647823,161939,,
19/09/2018,650922,109494,,
20/09/2018,657436,108964,,
21/09/2018,707083,79797,,
22/09/2018,742887,65912,,
23/09/2018,748795,65672,,
24/09/2018,663971,105322,,
25/09/2018,640752,136531,,
26/09/2018,632116,144897,,
27/09/2018,645311,63975,,
28/09/2018,663510,82684,,
29/09/2018,724490,85601,,
30/09/2018,726283,96397,,
01/10/2018,648336,79651,,
02/10/2018,637213,74334,,
03/10/2018,634373,63923,,
04/10/2018,638210,72741,,
05/10/2018,670632,66546,,
06/10/2018,729328,77636,,
07/10/2018,692554,111561,,
08/10/2018,631576,66316,,
09/10/2018,631062,94604,,
10/10/2018,623080,129694,,
11/10/2018,628114,108894,,
12/10/2018,685063,218856,,
13/10/2018,742992,135983,,
14/10/2018,707837,147629,,
15/10/2018,635567,97852,,
16/10/2018,624736,81591,,
17/10/2018,626512,77647,,
18/10/2018,620751,74793,,
19/10/2018,671770,62331,,
20/10/2018,737697,79101,,
21/10/2018,724945,64490,,
22/10/2018,631863,58494,,
23/10/2018,620438,135442,,
24/10/2018,618063,144223,,
25/10/2018,629209,180240,,
26/10/2018,674941,149502,,
27/10/2018,733166,173232,,
28/10/2018,713633,180174,,
29/10/2018,636624,110171,,
30/10/2018,640316,152325,,
31/10/2018,633942,96683,,
01/11/2018,636725,126595,,
02/11/2018,684285,130206,,
03/11/2018,733020,116555,,
04/11/2018,712997,204969,,
05/11/2018,660415,76794,,
06/11/2018,631000,66780,,
07/11/2018,630242,63567,,
08/11/2018,638852,54564,,
09/11/2018,751285,119079,The Kuala Lumpur Major,"1,000,000"
10/11/2018,829011,156797,The Kuala Lumpur Major,"1,000,000"
11/11/2018,765136,143491,The Kuala Lumpur Major,"1,000,000"
12/11/2018,666748,177532,The Kuala Lumpur Major,"1,000,000"
13/11/2018,658543,203305,The Kuala Lumpur Major,"1,000,000"
14/11/2018,633295,144994,The Kuala Lumpur Major,"1,000,000"
15/11/2018,626075,74970,The Kuala Lumpur Major,"1,000,000"
16/11/2018,675501,183338,The Kuala Lumpur Major,"1,000,000"
17/11/2018,735248,334995,The Kuala Lumpur Major,"1,000,000"
18/11/2018,731799,446464,The Kuala Lumpur Major,"1,000,000"
19/11/2018,643363,154480,,
20/11/2018,774815,112112,,
21/11/2018,712973,125800,,
22/11/2018,753533,133754,,
23/11/2018,701608,82933,,
24/11/2018,800975,139363,,
25/11/2018,765644,146821,,
26/11/2018,684496,132069,,
27/11/2018,653681,151538,,
28/11/2018,643599,166015,,
29/11/2018,648271,153499,,
30/11/2018,690311,141141,,
01/12/2018,768159,81328,,
02/12/2018,745843,96510,,
03/12/2018,641604,117057,,
04/12/2018,644531,115390,,
05/12/2018,626152,95586,,
06/12/2018,628314,64939,,
07/12/2018,667332,177172,,
08/12/2018,715125,185753,,
09/12/2018,689371,255770,,
10/12/2018,600095,92545,,
11/12/2018,593574,73430,,
12/12/2018,587364,69920,,
13/12/2018,587805,71567,,
14/12/2018,639379,87059,,
15/12/2018,700240,91958,,
16/12/2018,675118,86618,,
17/12/2018,602344,78136,,
18/12/2018,594422,59614,,
19/12/2018,587112,79716,,
20/12/2018,705143,88206,,
21/12/2018,686395,68907,,
22/12/2018,732928,84407,,
23/12/2018,730859,59874,,
24/12/2018,633898,60574,,
25/12/2018,637127,58207,,
26/12/2018,641391,59691,,
27/12/2018,638887,81760,,
28/12/2018,640227,63943,,
29/12/2018,676970,92903,,
30/12/2018,685819,75598,,
31/12/2018,584785,49218,,
01/01/2019,630381,46733,,
02/01/2019,653543,74305,,
03/01/2019,645297,81682,,
04/01/2019,679515,101293,,
05/01/2019,731384,98386,,
06/01/2019,698277,54322,,
07/01/2019,669920,60254,,
08/01/2019,654147,57758,,
09/01/2019,631040,102430,,
10/01/2019,633023,102804,,
11/01/2019,695608,97065,,
12/01/2019,779866,160935,,
13/01/2019,762186,193642,,
14/01/2019,714087,74031,,
15/01/2019,677102,143304,,
16/01/2019,675936,65310,,
17/01/2019,688226,57904,,
18/01/2019,726421,105145,,
19/01/2019,804664,147401,The Chongqing Major,"1,000,000"
20/01/2019,796605,172727,The Chongqing Major,"1,000,000"
21/01/2019,724212,211902,The Chongqing Major,"1,000,000"
22/01/2019,730332,232850,The Chongqing Major,"1,000,000"
23/01/2019,735642,187228,The Chongqing Major,"1,000,000"
24/01/2019,735486,91201,The Chongqing Major,"1,000,000"
25/01/2019,734448,292532,The Chongqing Major,"1,000,000"
26/01/2019,840712,259357,The Chongqing Major,"1,000,000"
27/01/2019,839729,445353,The Chongqing Major,"1,000,000"
28/01/2019,766446,85907,,
29/01/2019,762357,107264,,
30/01/2019,881256,97985,,
31/01/2019,829519,106184,,
01/02/2019,830562,128175,,
02/02/2019,905794,137099,,
03/02/2019,913496,182753,,
04/02/2019,810070,176682,,
05/02/2019,809825,211014,,
06/02/2019,796298,150193,,
07/02/2019,807572,96310,,
08/02/2019,836728,82755,,
09/02/2019,911025,95714,,
10/02/2019,930430,111586,,
11/02/2019,859462,114447,,
12/02/2019,853919,130603,,
13/02/2019,851888,118878,,
14/02/2019,797211,119421,,
15/02/2019,880281,103295,,
16/02/2019,949294,108446,,
17/02/2019,956229,78570,,
18/02/2019,867809,86438,,
19/02/2019,862613,150744,,
20/02/2019,846470,161087,,
21/02/2019,854303,145682,,
22/02/2019,882742,167616,,
23/02/2019,969099,229839,,
24/02/2019,983435,277634,,
25/02/2019,907124,91222,,
26/02/2019,917479,113554,,
27/02/2019,873952,120192,,
28/02/2019,812740,102481,,
01/03/2019,895799,100412,,
02/03/2019,1000447,118188,,
03/03/2019,1007840,97299,,
04/03/2019,926692,85678,,
05/03/2019,894932,102095,,
06/03/2019,967011,101342,,
07/03/2019,939457,134608,,
08/03/2019,969484,127123,,
09/03/2019,1045353,158320,,
10/03/2019,1028866,153699,,
11/03/2019,942503,100178,,
12/03/2019,923610,104059,,
13/03/2019,923760,140827,,
14/03/2019,901416,210203,,
15/03/2019,945718,215506,,
16/03/2019,1025678,183162,,
17/03/2019,1004180,224832,,
18/03/2019,913647,173416,,
19/03/2019,916534,238803,,
20/03/2019,912918,275062,,
21/03/2019,920142,52717,,
22/03/2019,934521,187868,,
23/03/2019,1014569,306584,,
24/03/2019,1009405,362250,,
25/03/2019,936503,52800,,
26/03/2019,921362,60528,,
27/03/2019,921260,66106,,
28/03/2019,896612,137947,,
29/03/2019,915183,157890,,
30/03/2019,1008098,156020,,
31/03/2019,1001512,92115,,
01/04/2019,917982,80897,,
02/04/2019,889058,56430,,
03/04/2019,921478,96869,,
04/04/2019,914394,88261,,
05/04/2019,913854,93144,,
06/04/2019,939918,83416,,
07/04/2019,909135,73682,,
08/04/2019,887825,87445,,
09/04/2019,881145,76906,,
10/04/2019,872107,102362,,
11/04/2019,882437,72024,,
12/04/2019,923065,80393,,
13/04/2019,970128,139988,,
14/04/2019,973544,101668,DreamLeague Season 11,"1,000,000"
15/04/2019,870901,60328,DreamLeague Season 12,"1,000,000"
16/04/2019,855360,81810,DreamLeague Season 13,"1,000,000"
17/04/2019,819524,85756,DreamLeague Season 14,"1,000,000"
18/04/2019,807477,80287,DreamLeague Season 15,"1,000,000"
19/04/2019,872612,99671,DreamLeague Season 16,"1,000,000"
20/04/2019,888837,128886,DreamLeague Season 17,"1,000,000"
21/04/2019,887397,106483,DreamLeague Season 18,"1,000,000"
22/04/2019,826748,112518,DreamLeague Season 19,"1,000,000"
23/04/2019,811503,106878,DreamLeague Season 20,"1,000,000"
24/04/2019,770558,90562,DreamLeague Season 21,"1,000,000"
25/04/2019,775576,82208,,
26/04/2019,814209,93444,,
27/04/2019,855899,101012,,
28/04/2019,847379,150403,,
29/04/2019,788959,52729,,
30/04/2019,804627,53763,,
01/05/2019,862674,51565,,
02/05/2019,830932,47831,,
03/05/2019,856221,44501,,
04/05/2019,865134,228876,MDL Disneyland Paris Major,"1,000,000"
05/05/2019,873126,186911,MDL Disneyland Paris Major,"1,000,000"
06/05/2019,813985,220560,MDL Disneyland Paris Major,"1,000,000"
07/05/2019,807138,194965,MDL Disneyland Paris Major,"1,000,000"
08/05/2019,955703,52715,MDL Disneyland Paris Major,"1,000,000"
09/05/2019,939011,207952,MDL Disneyland Paris Major,"1,000,000"
10/05/2019,936283,251513,MDL Disneyland Paris Major,"1,000,000"
11/05/2019,980303,303870,MDL Disneyland Paris Major,"1,000,000"
12/05/2019,998345,411917,MDL Disneyland Paris Major,"1,000,000"
13/05/2019,895150,65374,,
14/05/2019,911511,63860,,
15/05/2019,892241,140388,,
16/05/2019,874040,171745,,
17/05/2019,893273,196033,,
18/05/2019,937824,217417,,
19/05/2019,945542,108695,,
20/05/2019,830790,58288,,
21/05/2019,847257,73282,,
22/05/2019,841685,135000,,
23/05/2019,803108,67590,,
24/05/2019,836468,80171,,
25/05/2019,967668,159580,,
26/05/2019,968356,116899,,
27/05/2019,885373,57245,,
28/05/2019,835459,166421,,
29/05/2019,843244,148952,,
30/05/2019,849432,184579,,
31/05/2019,838052,174286,,
01/06/2019,907341,195451,,
02/06/2019,892370,309416,,
03/06/2019,847614,67924,,
04/06/2019,844176,73344,,
05/06/2019,827650,57780,,
06/06/2019,849344,98812,,
07/06/2019,840206,54973,,
08/06/2019,834862,60791,,
09/06/2019,787469,61739,,
10/06/2019,709731,56146,,
11/06/2019,835854,59719,,
12/06/2019,832380,142153,,
13/06/2019,809154,104660,,
14/06/2019,816393,99090,,
15/06/2019,866759,121144,,
16/06/2019,866252,160303,,
17/06/2019,803370,56513,,
18/06/2019,773032,56612,,
19/06/2019,765997,58437,,
20/06/2019,774571,61366,,
21/06/2019,752859,55255,,
22/06/2019,760403,220711,EPICENTER Major 2019,"1,000,000"
23/06/2019,771918,248102,EPICENTER Major 2020,"1,000,000"
24/06/2019,696686,304284,EPICENTER Major 2021,"1,000,000"
25/06/2019,707293,271904,EPICENTER Major 2022,"1,000,000"
26/06/2019,714491,215713,EPICENTER Major 2023,"1,000,000"
27/06/2019,748680,52992,EPICENTER Major 2024,"1,000,000"
28/06/2019,757165,293781,EPICENTER Major 2025,"1,000,000"
29/06/2019,798466,347450,EPICENTER Major 2026,"1,000,000"
30/06/2019,755943,441166,EPICENTER Major 2027,"1,000,000"
01/07/2019,751474,42446,,
02/07/2019,748632,52670,,
03/07/2019,747757,162633,,
04/07/2019,729977,105400,,
05/07/2019,753374,125716,,
06/07/2019,779160,129047,,
07/07/2019,750923,166970,,
08/07/2019,733788,183052,,
09/07/2019,707225,202747,,
10/07/2019,703064,283255,,
11/07/2019,700220,130257,,
12/07/2019,723041,129074,,
13/07/2019,745220,133084,,
14/07/2019,767388,178338,,
15/07/2019,709997,90952,,
16/07/2019,690139,71836,,
17/07/2019,686515,63280,,
18/07/2019,677062,56207,,
19/07/2019,698987,51427,,
20/07/2019,746836,61927,,
21/07/2019,740944,76799,,
22/07/2019,687531,70136,,
23/07/2019,686999,81217,,
24/07/2019,678214,65775,,
25/07/2019,681844,99488,,
26/07/2019,692519,84030,,
27/07/2019,722440,110490,,
28/07/2019,720737,91852,,
29/07/2019,674239,54246,,
30/07/2019,675325,60695,,
31/07/2019,673101,65176,,
01/08/2019,668369,69574,,
02/08/2019,695066,65637,,
03/08/2019,730554,60901,,
04/08/2019,721289,82775,,
05/08/2019,659341,64029,,
06/08/2019,692015,79001,,
07/08/2019,673524,87057,,
08/08/2019,672835,74085,,
09/08/2019,711958,77350,,
10/08/2019,743291,71446,,
11/08/2019,737686,86645,,
12/08/2019,686445,81673,,
13/08/2019,716444,77617,,
14/08/2019,758695,79715,,
15/08/2019,671710,489780,,
16/08/2019,718777,409792,,
17/08/2019,761206,418823,,
18/08/2019,774365,404445,,
19/08/2019,704515,51279,,
20/08/2019,707343,611752,The International,"34,330,068"
21/08/2019,700296,563602,The International,"34,330,068"
22/08/2019,682715,697819,The International,"34,330,068"
23/08/2019,723649,546511,The International,"34,330,068"
24/08/2019,822216,686162,The International,"34,330,068"
25/08/2019,840012,1077725,The International,"34,330,068"
26/08/2019,759675,37461,,
27/08/2019,728257,46893,,
28/08/2019,687372,43704,,
29/08/2019,696369,40610,,
30/08/2019,722999,43733,,
31/08/2019,751129,40819,,
01/09/2019,749512,44549,,
02/09/2019,664756,54689,,
03/09/2019,654526,55772,,
04/09/2019,642573,65327,,
05/09/2019,642617,43358,,
06/09/2019,684504,52597,,
07/09/2019,729968,46482,,
08/09/2019,711699,60257,,
09/09/2019,638743,53792,,
10/09/2019,612426,52048,,
11/09/2019,608705,53163,,
12/09/2019,644152,59787,,
13/09/2019,649493,57223,,
14/09/2019,688181,52560,,
15/09/2019,686719,66076,,
16/09/2019,611389,87997,,
17/09/2019,616392,78811,,
18/09/2019,609457,63971,,
19/09/2019,606851,73846,,
20/09/2019,697980,57810,,
21/09/2019,758001,56049,,
22/09/2019,732501,76433,,
23/09/2019,648286,67894,,
24/09/2019,638965,111290,,
25/09/2019,619776,126517,,
26/09/2019,626254,96183,,
27/09/2019,655615,92083,,
28/09/2019,690197,96076,,
29/09/2019,696125,80010,,
30/09/2019,626289,59986,,
01/10/2019,607845,53474,,
02/10/2019,589005,56084,,
03/10/2019,589745,55906,,
04/10/2019,606791,40031,,
05/10/2019,654954,103738,,
06/10/2019,661124,138787,,
07/10/2019,574148,84559,,
08/10/2019,571743,112220,,
09/10/2019,568742,110158,,
10/10/2019,559679,81535,,
11/10/2019,615014,67698,,
12/10/2019,750516,62467,,
13/10/2019,729784,68093,,
14/10/2019,602774,78384,,
15/10/2019,552521,64326,,
16/10/2019,605319,57634,,
17/10/2019,600035,55902,,
18/10/2019,593215,69810,,
19/10/2019,644373,84026,,
20/10/2019,632734,99498,,
21/10/2019,555902,55709,,
22/10/2019,548863,96316,,
23/10/2019,540960,110307,,
24/10/2019,541011,118051,,
25/10/2019,566892,150896,,
26/10/2019,616129,141653,,
27/10/2019,607639,179173,,
28/10/2019,630207,45507,,
29/10/2019,535222,59311,,
30/10/2019,530719,59346,,
31/10/2019,529156,50094,,
01/11/2019,568804,43129,,
02/11/2019,604088,81282,,
03/11/2019,600932,63486,,
04/11/2019,640917,52824,,
05/11/2019,597367,42004,,
06/11/2019,512158,53092,,
07/11/2019,516026,90253,,
08/11/2019,637950,87314,,
09/11/2019,710308,115412,,
10/11/2019,591349,101476,,
11/11/2019,601123,57612,,
12/11/2019,598948,68628,,
13/11/2019,502578,79809,,
14/11/2019,501642,66924,,
15/11/2019,550172,58000,,
16/11/2019,605635,136120,MDL Chengdu Major,"1,000,000"
17/11/2019,611201,156065,MDL Chengdu Major,"1,000,000"
18/11/2019,594524,143359,MDL Chengdu Major,"1,000,000"
19/11/2019,505430,122010,MDL Chengdu Major,"1,000,000"
20/11/2019,497966,182369,MDL Chengdu Major,"1,000,000"
21/11/2019,537172,66662,MDL Chengdu Major,"1,000,000"
22/11/2019,552975,144462,MDL Chengdu Major,"1,000,000"
23/11/2019,693717,179772,MDL Chengdu Major,"1,000,000"
24/11/2019,672534,243245,MDL Chengdu Major,"1,000,000"
25/11/2019,578156,49792,,
26/11/2019,518377,184430,,
27/11/2019,650057,109385,,
28/11/2019,606721,146653,,
29/11/2019,669389,144085,,
30/11/2019,704614,134587,,
01/12/2019,686010,195595,,
02/12/2019,614099,174487,,
03/12/2019,596517,202673,,
04/12/2019,532745,165705,,
05/12/2019,542145,110961,,
06/12/2019,617927,125751,,
07/12/2019,629748,61453,,
08/12/2019,604458,77234,,
09/12/2019,516504,82982,,
10/12/2019,510007,83589,,
11/12/2019,584869,71547,,
12/12/2019,504240,64245,,
13/12/2019,541291,50884,,
14/12/2019,593768,45834,,
15/12/2019,583137,52879,,
16/12/2019,508364,71086,,
17/12/2019,492861,121643,,
18/12/2019,515352,129727,,
19/12/2019,555935,94211,,
20/12/2019,558680,121302,,
21/12/2019,612767,116278,,
22/12/2019,606814,165791,,
23/12/2019,563483,58007,,
24/12/2019,544935,55014,,
25/12/2019,550911,53857,,
26/12/2019,557086,56425,,
27/12/2019,579782,65683,,
28/12/2019,617077,85379,,
29/12/2019,608934,51351,,
30/12/2019,570959,67174,,
31/12/2019,516059,45161,,
01/01/2020,561273,47837,,
02/01/2020,585031,51345,,
03/01/2020,596149,59951,,
04/01/2020,617547,62152,,
05/01/2020,596317,78826,,
06/01/2020,552797,68434,,
07/01/2020,537217,62021,,
08/01/2020,546324,80763,,
09/01/2020,527587,130278,,
10/01/2020,552391,127544,,
11/01/2020,597049,174576,,
12/01/2020,587719,216291,,
13/01/2020,518541,180852,,
14/01/2020,500439,81440,,
15/01/2020,500934,75634,,
16/01/2020,502287,71159,,
17/01/2020,519762,66396,,
18/01/2020,539569,225101,DreamLeague Season 13,"1,000,000"
19/01/2020,587332,264598,DreamLeague Season 14,"1,000,000"
20/01/2020,585285,64790,DreamLeague Season 15,"1,000,000"
21/01/2020,535475,240654,DreamLeague Season 16,"1,000,000"
22/01/2020,489513,292324,DreamLeague Season 17,"1,000,000"
23/01/2020,483251,281199,DreamLeague Season 18,"1,000,000"
24/01/2020,502338,222390,DreamLeague Season 19,"1,000,000"
25/01/2020,554613,240264,DreamLeague Season 20,"1,000,000"
26/01/2020,579025,364605,DreamLeague Season 21,"1,000,000"
27/01/2020,540262,70531,,
28/01/2020,551145,162997,,
29/01/2020,564095,70529,,
30/01/2020,540209,60725,,
31/01/2020,592515,61079,,
01/02/2020,638674,66509,,
02/02/2020,653689,56595,,
03/02/2020,574857,60006,,
04/02/2020,578852,87726,,
05/02/2020,585533,57809,,
06/02/2020,582255,60080,,
07/02/2020,610003,99837,,
08/02/2020,663715,101742,,
09/02/2020,664196,182743,,
10/02/2020,585403,184716,,
11/02/2020,582378,193670,,
12/02/2020,585640,168456,,
13/02/2020,614675,107576,,
14/02/2020,570431,154320,,
15/02/2020,646882,83549,,
16/02/2020,650965,73205,,
17/02/2020,581002,71076,,
18/02/2020,565914,70055,,
19/02/2020,566163,155530,,
20/02/2020,575811,133884,,
21/02/2020,602249,167090,,
22/02/2020,649090,192914,,
23/02/2020,647060,239225,,
24/02/2020,631059,67450,,
25/02/2020,586412,75035,,
26/02/2020,576194,92225,,
27/02/2020,573766,89661,,
28/02/2020,604857,76184,,
29/02/2020,667430,123037,,
01/03/2020,663908,92052,,
02/03/2020,584655,103144,,
03/03/2020,597940,83396,,
04/03/2020,593276,97734,,
05/03/2020,596857,116378,,
06/03/2020,632413,118117,,
07/03/2020,677939,123118,,
08/03/2020,655952,147584,,
09/03/2020,641137,79141,,
10/03/2020,611316,121673,,
11/03/2020,601064,142195,,
12/03/2020,606492,113493,,
13/03/2020,648459,137796,,
14/03/2020,694829,67327,,
15/03/2020,701632,86911,,
16/03/2020,622267,82449,,
17/03/2020,627256,93563,,
18/03/2020,653657,83619,,
19/03/2020,650319,73943,,
20/03/2020,644468,131631,,
21/03/2020,712955,126698,,
22/03/2020,717882,123892,,
23/03/2020,646119,152019,,
24/03/2020,645431,123848,,
25/03/2020,647103,146984,,
26/03/2020,652833,165416,,
27/03/2020,680104,104400,,
28/03/2020,734306,104781,,
29/03/2020,747551,153359,,
30/03/2020,705206,105318,,
31/03/2020,710105,102549,,
01/04/2020,709816,104285,,
02/04/2020,711948,103366,,
03/04/2020,729223,100842,,
04/04/2020,673158,174000,,
05/04/2020,769179,169315,,
06/04/2020,730472,170967,,
07/04/2020,691941,140170,,
08/04/2020,692299,159560,,
09/04/2020,696306,161294,,
10/04/2020,749534,157466,,
11/04/2020,798255,200217,,
12/04/2020,777024,213510,,
13/04/2020,732905,186118,,
14/04/2020,698225,202833,,
15/04/2020,695232,155989,,
16/04/2020,691873,186713,,
17/04/2020,734479,227829,,
18/04/2020,784907,268795,,
19/04/2020,753197,385875,,
20/04/2020,717931,109358,,
21/04/2020,707802,94092,,
22/04/2020,695872,98468,,
23/04/2020,692433,111756,,
24/04/2020,801645,119380,,
25/04/2020,755625,126163,,
26/04/2020,752551,165600,,
27/04/2020,690764,153711,,
28/04/2020,685828,170119,,
29/04/2020,684201,170397,,
30/04/2020,707171,182646,,
01/05/2020,737658,151556,,
02/05/2020,739214,142818,,
03/05/2020,744965,153725,,
04/05/2020,712027,132567,,
05/05/2020,691091,135057,,
06/05/2020,676544,151485,,
07/05/2020,671957,120291,,
08/05/2020,685757,158477,,
09/05/2020,789960,146618,,
10/05/2020,782042,155467,,
11/05/2020,731514,189028,,
12/05/2020,711090,184950,,
13/05/2020,651973,124860,,
14/05/2020,648391,112065,,
15/05/2020,693471,168282,,
16/05/2020,700616,148964,,
17/05/2020,690710,164161,,
18/05/2020,625526,130432,,
19/05/2020,630180,146858,,
20/05/2020,614605,134647,,
21/05/2020,624875,127686,,
22/05/2020,654562,147271,,
23/05/2020,692365,138743,,
24/05/2020,686945,112590,,
25/05/2020,652796,199718,,
26/05/2020,686696,148379,,
27/05/2020,721228,174342,,
28/05/2020,759632,142329,,
29/05/2020,779421,143184,,
30/05/2020,794638,147700,,
31/05/2020,794178,171625,,
01/06/2020,735851,105094,,
02/06/2020,696520,131786,,
03/06/2020,681471,154055,,
04/06/2020,687106,139506,,
05/06/2020,708913,148601,,
06/06/2020,736441,131936,,
07/06/2020,727736,152380,,
08/06/2020,674850,74509,,
09/06/2020,659012,123393,,
10/06/2020,655469,125421,,
11/06/2020,657308,110816,,
12/06/2020,685764,134610,,
13/06/2020,718603,149797,,
14/06/2020,721435,83641,,
15/06/2020,664641,93858,,
16/06/2020,640505,139128,,
17/06/2020,479097,110422,,
18/06/2020,605299,120744,,
19/06/2020,554858,105363,,
20/06/2020,668124,87252,,
21/06/2020,685855,126031,,
22/06/2020,633679,126699,,
23/06/2020,615515,129302,,
24/06/2020,653341,132978,,
25/06/2020,672542,171036,,
26/06/2020,664018,135026,,
27/06/2020,676893,124958,,
28/06/2020,698473,212444,,
29/06/2020,669000,78868,,
30/06/2020,662506,63773,,
01/07/2020,668477,66146,,
02/07/2020,647076,68208,,
03/07/2020,686704,97458,,
04/07/2020,672179,73831,,
05/07/2020,705378,122006,,
06/07/2020,638577,62789,,
07/07/2020,646385,66251,,
08/07/2020,635018,63267,,
09/07/2020,605030,63376,,
10/07/2020,640155,68118,,
11/07/2020,679953,80747,,
12/07/2020,680365,66136,,
13/07/2020,636671,65022,,
14/07/2020,629047,69644,,
15/07/2020,704063,82002,,
16/07/2020,695258,96911,,
17/07/2020,695081,70635,,
18/07/2020,716054,71654,,
19/07/2020,706023,79228,,
20/07/2020,654247,63317,,
21/07/2020,647338,80393,,
22/07/2020,623812,75755,,
23/07/2020,614801,74056,,
24/07/2020,633026,65931,,
25/07/2020,688351,61787,,
26/07/2020,682534,65044,,
27/07/2020,623099,142209,,
28/07/2020,623304,148385,,
29/07/2020,615047,149181,,
30/07/2020,610996,193239,,
31/07/2020,637146,63463,,
01/08/2020,662354,60643,,
02/08/2020,666563,68729,,
03/08/2020,618754,83387,,
04/08/2020,622789,71540,,
05/08/2020,590477,83514,,
06/08/2020,605052,74083,,
07/08/2020,622979,70888,,
08/08/2020,640933,68842,,
09/08/2020,645332,71208,,
10/08/2020,612761,74798,,
11/08/2020,601707,66088,,
12/08/2020,600930,69472,,
13/08/2020,600049,73985,,
14/08/2020,607983,124680,,
15/08/2020,653121,121945,,
16/08/2020,653151,168359,,
17/08/2020,609067,80733,,
18/08/2020,597723,82358,,
19/08/2020,603543,82312,,
20/08/2020,598546,169745,,
21/08/2020,623477,138852,,
22/08/2020,656593,119989,,
23/08/2020,663082,171060,,
24/08/2020,606495,87760,,
25/08/2020,593628,84345,,
26/08/2020,599272,77905,,
27/08/2020,592966,172109,,
28/08/2020,624937,158173,,
29/08/2020,654784,165198,,
30/08/2020,660181,131754,,
31/08/2020,603454,114159,,
01/09/2020,583655,96552,,
02/09/2020,584314,183353,,
03/09/2020,575142,192801,,
04/09/2020,609949,158790,,
05/09/2020,676484,217955,,
06/09/2020,661610,269526,,
07/09/2020,615343,58233,,
08/09/2020,612108,62884,,
09/09/2020,605731,57939,,
10/09/2020,604704,60678,,
11/09/2020,633810,52329,,
12/09/2020,666157,66203,,
13/09/2020,667484,62376,,
14/09/2020,608219,80281,,
15/09/2020,591365,77993,,
16/09/2020,574364,72262,,
17/09/2020,639781,80471,,
18/09/2020,625726,77095,,
19/09/2020,657514,66950,,
20/09/2020,650913,86875,,
21/09/2020,589166,88116,,
22/09/2020,584267,93645,,
23/09/2020,576464,130820,,
24/09/2020,576418,147403,,
25/09/2020,594360,172035,,
26/09/2020,618758,162910,,
27/09/2020,627074,73994,,
28/09/2020,578161,73183,,
29/09/2020,577517,66901,,
30/09/2020,574589,71129,,
01/10/2020,544521,51878,,
02/10/2020,558992,49996,,
03/10/2020,587182,54537,,
04/10/2020,598689,55307,,
05/10/2020,560064,90808,,
06/10/2020,572025,100381,,
07/10/2020,572346,134879,,
08/10/2020,569424,69268,,
09/10/2020,592576,83465,,
10/10/2020,626391,79915,,
11/10/2020,625704,132456,,
12/10/2020,568804,76523,,
13/10/2020,567968,104751,,
14/10/2020,571816,116486,,
15/10/2020,548700,119421,,
16/10/2020,617229,53132,,
17/10/2020,672263,100438,,
18/10/2020,671074,104871,,
19/10/2020,582648,71372,,
20/10/2020,574917,124598,,
21/10/2020,576272,67755,,
22/10/2020,584406,84920,,
23/10/2020,599476,160487,,
24/10/2020,640935,92699,,
25/10/2020,645475,121267,,
26/10/2020,585759,67934,,
27/10/2020,582822,71580,,
28/10/2020,585078,143811,,
29/10/2020,581579,136098,,
30/10/2020,723714,159633,,
31/10/2020,723768,121566,,
01/11/2020,717263,227300,,
02/11/2020,646180,73061,,
03/11/2020,632060,83083,,
04/11/2020,633491,76215,,
05/11/2020,609841,116840,,
06/11/2020,643521,78601,,
07/11/2020,679969,73115,,
08/11/2020,675320,95014,,
09/11/2020,600586,79243,,
10/11/2020,595652,87438,,
11/11/2020,581437,133534,,
12/11/2020,583129,165678,,
13/11/2020,613949,144931,,
14/11/2020,657418,164579,,
15/11/2020,661146,186403,,
16/11/2020,592042,82469,,
17/11/2020,603969,79217,,
18/11/2020,600106,86863,,
19/11/2020,596107,164667,,
20/11/2020,632912,168845,,
21/11/2020,678801,131418,,
22/11/2020,671898,161618,,
23/11/2020,589954,81953,,
24/11/2020,605542,74330,,
25/11/2020,603316,81051,,
26/11/2020,597808,168544,,
27/11/2020,594916,174138,,
28/11/2020,635421,164054,,
29/11/2020,638909,196844,,
30/11/2020,579531,80903,,
01/12/2020,585832,65662,,
02/12/2020,587758,74689,,
03/12/2020,590848,161349,,
04/12/2020,588057,143470,,
05/12/2020,640781,178974,,
06/12/2020,650950,178004,,
07/12/2020,601797,159295,,
08/12/2020,612702,173282,,
09/12/2020,604562,156548,,
10/12/2020,555015,173872,,
11/12/2020,564962,159779,,
12/12/2020,608027,136185,,
13/12/2020,648889,243822,,
14/12/2020,582937,65254,,
15/12/2020,533454,155250,,
16/12/2020,541105,169274,,
17/12/2020,564103,212961,,
18/12/2020,677209,214033,,
19/12/2020,699068,79983,,
20/12/2020,655966,84713,,
21/12/2020,605751,85389,,
22/12/2020,588569,116763,,
23/12/2020,584125,87716,,
24/12/2020,577591,62411,,
25/12/2020,611604,60250,,
26/12/2020,668686,77070,,
27/12/2020,670181,68154,,
28/12/2020,617729,66272,,
29/12/2020,630265,74981,,
30/12/2020,625344,71052,,
31/12/2020,561914,60719,,
01/01/2021,642032,57219,,
02/01/2021,694687,63547,,
03/01/2021,692293,55268,,
04/01/2021,641586,60083,,
05/01/2021,635058,76591,,
06/01/2021,639575,86138,,
07/01/2021,631054,88320,,
08/01/2021,653137,127065,,
09/01/2021,686961,104856,,
10/01/2021,675262,123457,,
11/01/2021,597452,96584,,
12/01/2021,597176,87063,,
13/01/2021,597337,70418,,
14/01/2021,592929,67284,,
15/01/2021,624949,63709,,
16/01/2021,677356,57528,,
17/01/2021,675377,67688,,
18/01/2021,597913,90093,,
19/01/2021,601506,127337,,
20/01/2021,599367,142791,,
21/01/2021,591833,111150,,
22/01/2021,639669,123338,,
23/01/2021,695426,139673,,
24/01/2021,681747,148692,,
25/01/2021,600294,91799,,
26/01/2021,597119,138874,,
27/01/2021,602107,86954,,
28/01/2021,607474,101460,,
29/01/2021,631243,104950,,
30/01/2021,673605,151565,,
31/01/2021,670150,146326,,
01/02/2021,594826,94961,,
02/02/2021,591730,117963,,
03/02/2021,562377,183245,,
04/02/2021,569090,112758,,
05/02/2021,590684,103275,,
06/02/2021,640390,154980,,
07/02/2021,657208,141945,,
08/02/2021,575991,93382,,
09/02/2021,622810,195952,,
10/02/2021,587779,103613,,
11/02/2021,587083,116141,,
12/02/2021,592462,96680,,
13/02/2021,628184,162163,,
14/02/2021,611811,158314,,
15/02/2021,582022,109776,,
16/02/2021,583464,151377,,
17/02/2021,578226,142598,,
18/02/2021,579271,109604,,
19/02/2021,585888,96910,,
20/02/2021,634971,151668,,
21/02/2021,635217,151076,,
22/02/2021,592737,109731,,
23/02/2021,594142,148293,,
24/02/2021,561337,221608,,
25/02/2021,559468,121604,,
26/02/2021,586436,179600,,
27/02/2021,640150,71218,,
28/02/2021,625983,159347,,
01/03/2021,552579,76615,,
02/03/2021,554246,80694,,
03/03/2021,549697,77823,,
04/03/2021,556617,74564,,
05/03/2021,594058,90394,,
06/03/2021,642030,75532,,
07/03/2021,638623,82303,,
08/03/2021,590335,89474,,
09/03/2021,577576,74499,,
10/03/2021,561707,77223,,
11/03/2021,572503,91491,,
12/03/2021,594709,77274,,
13/03/2021,650049,78516,,
14/03/2021,647400,102737,,
15/03/2021,563434,90785,,
16/03/2021,550917,101420,,
17/03/2021,556771,86529,,
18/03/2021,555251,87800,,
19/03/2021,583185,97578,,
20/03/2021,632892,83447,,
21/03/2021,636162,108111,,
22/03/2021,564808,84442,,
23/03/2021,562219,75388,,
24/03/2021,556923,69197,,
25/03/2021,541644,67590,,
26/03/2021,579862,55564,,
27/03/2021,627583,170184,One Esports Singapore Major,"500,000"
28/03/2021,638827,160974,One Esports Singapore Major,"500,000"
29/03/2021,572393,174456,One Esports Singapore Major,"500,000"
30/03/2021,574312,167712,One Esports Singapore Major,"500,000"
31/03/2021,562552,226896,One Esports Singapore Major,"500,000"
01/04/2021,579187,229005,One Esports Singapore Major,"500,000"
02/04/2021,624634,255231,One Esports Singapore Major,"500,000"
03/04/2021,634540,264591,One Esports Singapore Major,"500,000"
04/04/2021,675598,379838,One Esports Singapore Major,"500,000"
05/04/2021,616108,75306,,
06/04/2021,596512,71042,,
07/04/2021,589920,74926,,
08/04/2021,587701,72220,,
09/04/2021,615123,146562,,
10/04/2021,706812,86859,,
11/04/2021,690611,85198,,
12/04/2021,603890,99768,,
13/04/2021,607149,171263,,
14/04/2021,607526,146942,,
15/04/2021,608309,158652,,
16/04/2021,631693,151084,,
17/04/2021,678417,211513,,
18/04/2021,670788,123091,,
19/04/2021,594235,104294,,
20/04/2021,602955,233665,,
21/04/2021,606207,251317,,
22/04/2021,608592,171164,,
23/04/2021,637205,113788,,
24/04/2021,660324,218668,,
25/04/2021,652658,163697,,
26/04/2021,601392,111238,,
27/04/2021,599256,185817,,
28/04/2021,586224,222091,,
29/04/2021,580701,99956,,
30/04/2021,603045,124156,,
01/05/2021,617213,164657,,
02/05/2021,624675,158657,,
03/05/2021,611023,114113,,
04/05/2021,624711,216734,,
05/05/2021,600127,182398,,
06/05/2021,594461,103916,,
07/05/2021,609691,119417,,
08/05/2021,668346,244535,,
09/05/2021,642112,114037,,
10/05/2021,619835,105078,,
11/05/2021,595859,167410,,
12/05/2021,600408,238635,,
13/05/2021,612630,186631,,
14/05/2021,632178,115933,,
15/05/2021,673660,267265,,
16/05/2021,667193,167072,,
17/05/2021,595994,101595,,
18/05/2021,599709,207424,,
19/05/2021,595419,256809,,
20/05/2021,594259,103606,,
21/05/2021,620071,170877,,
22/05/2021,653337,171473,,
23/05/2021,656314,91823,,
24/05/2021,612729,71468,,
25/05/2021,615977,77797,,
26/05/2021,597704,76162,,
27/05/2021,599292,105144,,
28/05/2021,624177,97413,,
29/05/2021,665065,87069,,
30/05/2021,664560,97442,,
31/05/2021,609589,100689,,
01/06/2021,601098,93768,,
02/06/2021,575347,261100,WePlay AniMajor,"500,000"
03/06/2021,602053,272353,WePlay AniMajor,"500,000"
04/06/2021,607988,262571,WePlay AniMajor,"500,000"
05/06/2021,639076,260404,WePlay AniMajor,"500,000"
06/06/2021,645099,261707,WePlay AniMajor,"500,000"
07/06/2021,594632,268109,WePlay AniMajor,"500,000"
08/06/2021,601917,90143,WePlay AniMajor,"500,000"
09/06/2021,576364,338633,WePlay AniMajor,"500,000"
10/06/2021,605800,322660,WePlay AniMajor,"500,000"
11/06/2021,645423,333523,WePlay AniMajor,"500,000"
12/06/2021,629270,300798,WePlay AniMajor,"500,000"
13/06/2021,633424,375818,WePlay AniMajor,"500,000"
14/06/2021,621659,71376,,
15/06/2021,597814,57852,,
16/06/2021,576949,173398,,
17/06/2021,582271,231264,,
18/06/2021,609917,224748,,
19/06/2021,631284,222125,,
20/06/2021,635799,258228,,
21/06/2021,591920,68887,,
22/06/2021,591626,68159,,
23/06/2021,578949,163426,,
24/06/2021,685550,196571,,
25/06/2021,705594,181018,,
26/06/2021,734277,215284,,
27/06/2021,731025,70653,,
28/06/2021,679040,75785,,
29/06/2021,671987,80865,,
30/06/2021,653704,109801,,
01/07/2021,641004,140444,,
02/07/2021,671497,151397,,
03/07/2021,701081,199882,,
04/07/2021,710866,75016,,
05/07/2021,645512,70956,,
06/07/2021,634842,61785,,
07/07/2021,613244,249220,,
08/07/2021,594823,305276,,
09/07/2021,627973,286274,,
10/07/2021,653670,401744,,
11/07/2021,664328,62890,,
12/07/2021,591572,57864,,
13/07/2021,590775,68504,,
14/07/2021,604078,66114,,
15/07/2021,610985,64248,,
16/07/2021,635215,56308,,
17/07/2021,669014,58209,,
18/07/2021,664811,71517,,
19/07/2021,623884,74567,,
20/07/2021,616790,74127,,
21/07/2021,601048,68432,,
22/07/2021,604800,72056,,
23/07/2021,641714,76043,,
24/07/2021,669856,69113,,
25/07/2021,669966,76931,,
26/07/2021,612432,77296,,
27/07/2021,607046,70333,,
28/07/2021,608390,74315,,
29/07/2021,612487,65702,,
30/07/2021,619949,65495,,
31/07/2021,662037,62299,,
01/08/2021,656257,78187,,
02/08/2021,607967,81119,,
03/08/2021,604559,71891,,
04/08/2021,586161,81904,,
05/08/2021,606420,99777,,
06/08/2021,655257,67928,,
07/08/2021,679341,74527,,
08/08/2021,672867,93964,,
09/08/2021,619088,80672,,
10/08/2021,626936,84016,,
11/08/2021,619753,98823,,
12/08/2021,614846,82320,,
13/08/2021,637631,86185,,
14/08/2021,658505,94879,,
15/08/2021,663251,103890,,
16/08/2021,601365,89471,,
17/08/2021,614995,86580,,
18/08/2021,643946,98104,,
19/08/2021,633073,109248,,
20/08/2021,673351,77106,,
21/08/2021,700172,135310,,
22/08/2021,700245,153554,,
23/08/2021,636842,179570,,
24/08/2021,652226,178371,,
25/08/2021,622016,91050,,
26/08/2021,597612,197829,,
27/08/2021,618038,186035,,
28/08/2021,647219,184463,,
29/08/2021,633774,221263,,
30/08/2021,599916,73996,,
31/08/2021,582733,75200,,
01/09/2021,566983,75890,,
02/09/2021,572317,64850,,
03/09/2021,614592,88049,,
04/09/2021,649530,92011,,
05/09/2021,638987,92878,,
06/09/2021,575070,133694,,
07/09/2021,571266,125807,,
08/09/2021,571067,137740,,
09/09/2021,570031,140478,,
10/09/2021,603201,162347,,
11/09/2021,625693,84554,,
12/09/2021,636266,86591,,
13/09/2021,575420,90365,,
14/09/2021,580468,97272,,
15/09/2021,567133,91042,,
16/09/2021,580103,72376,,
17/09/2021,607405,77006,,
18/09/2021,655354,75344,,
19/09/2021,667488,81834,,
20/09/2021,607209,80278,,
21/09/2021,583244,81434,,
22/09/2021,574351,89155,,
23/09/2021,572744,80524,,
24/09/2021,606056,70674,,
25/09/2021,619253,67645,,
26/09/2021,624809,82501,,
27/09/2021,568246,88251,,
28/09/2021,555891,73821,,
29/09/2021,555937,73977,,
30/09/2021,569104,73387,,
01/10/2021,574260,78366,,
02/10/2021,611346,74911,,
03/10/2021,624999,71024,,
04/10/2021,580531,79315,,
05/10/2021,587829,89155,,
06/10/2021,607591,78996,,
07/10/2021,628369,639439,The International,"40,018,195"
08/10/2021,631517,615160,The International,"40,018,195"
09/10/2021,688850,562448,The International,"40,018,195"
10/10/2021,705546,587347,The International,"40,018,195"
11/10/2021,641451,63435,The International,"40,018,195"
12/10/2021,669193,807842,The International,"40,018,195"
13/10/2021,658287,777039,The International,"40,018,195"
14/10/2021,670010,852797,The International,"40,018,195"
15/10/2021,698317,901337,The International,"40,018,195"
16/10/2021,747258,923102,The International,"40,018,195"
17/10/2021,742746,1719828,The International,"40,018,195"
18/10/2021,699425,70961,,
19/10/2021,699434,55472,,
20/10/2021,689227,67134,,
21/10/2021,685620,62558,,
22/10/2021,719782,72293,,
23/10/2021,753627,84695,,
24/10/2021,750050,70354,,
25/10/2021,665395,73894,,
26/10/2021,669329,80920,,
27/10/2021,664867,76533,,
28/10/2021,674164,70929,,
29/10/2021,743678,91413,,
30/10/2021,749926,72343,,
31/10/2021,748911,72154,,
01/11/2021,688065,84443,,
02/11/2021,688242,84645,,
03/11/2021,685015,87809,,
04/11/2021,682875,79311,,
05/11/2021,719306,69774,,
06/11/2021,752800,74533,,
07/11/2021,748481,69282,,
08/11/2021,649690,91650,,
09/11/2021,650978,98257,,
10/11/2021,638647,93330,,
11/11/2021,642508,76654,,
12/11/2021,684514,78669,,
13/11/2021,713402,81592,,
14/11/2021,722224,101901,,
15/11/2021,640900,82566,,
16/11/2021,627442,84361,,
17/11/2021,627383,84296,,
18/11/2021,632470,84253,,
19/11/2021,669143,101664,,
20/11/2021,714312,86759,,
21/11/2021,712004,112878,,
22/11/2021,629867,89199,,
23/11/2021,613157,107961,,
24/11/2021,606639,94615,,
25/11/2021,601006,92228,,
26/11/2021,640793,103311,,
27/11/2021,680734,99403,,
28/11/2021,677744,80061,,
29/11/2021,599744,99919,,
30/11/2021,551488,229665,,
01/12/2021,565845,91921,,
02/12/2021,590347,152297,,
03/12/2021,607169,94102,,
04/12/2021,681648,124481,,
05/12/2021,675886,124784,,
06/12/2021,582191,102538,,
07/12/2021,565717,206788,,
08/12/2021,583133,96506,,
09/12/2021,592936,142569,,
10/12/2021,628521,86647,,
11/12/2021,673695,153496,,
12/12/2021,661789,127358,,
13/12/2021,583410,185226,,
14/12/2021,594063,182719,,
15/12/2021,701204,120913,,
16/12/2021,687902,195844,,
17/12/2021,708866,123869,,
18/12/2021,759878,151083,,
19/12/2021,747404,176653,,
20/12/2021,659685,206135,,
21/12/2021,667777,167328,,
22/12/2021,678907,79050,,
23/12/2021,676915,87931,,
24/12/2021,695712,69233,,
25/12/2021,724577,65915,,
26/12/2021,747607,71869,,
27/12/2021,685928,74151,,
28/12/2021,688514,88084,,
29/12/2021,687229,75739,,
30/12/2021,685528,69465,,
31/12/2021,609282,66554,,
01/01/2022,701209,60916,,
02/01/2022,761107,68948,,
03/01/2022,723708,91724,,
04/01/2022,711905,91772,,
05/01/2022,667797,147547,,
06/01/2022,683772,154719,,
07/01/2022,722520,118056,,
08/01/2022,746546,152088,,
09/01/2022,748270,224466,,
10/01/2022,649285,102489,,
11/01/2022,666844,200797,,
12/01/2022,652170,183994,,
13/01/2022,666779,139064,,
14/01/2022,704897,112260,,
15/01/2022,759140,119891,,
16/01/2022,748944,168409,,
17/01/2022,658583,82490,,
18/01/2022,662666,158769,,
19/01/2022,683249,144333,,
20/01/2022,697070,176562,,
21/01/2022,722724,183344,,
22/01/2022,785669,94180,,
23/01/2022,787609,120477,,
24/01/2022,698553,91335,,
25/01/2022,683797,83606,,
26/01/2022,689064,91515,,
27/01/2022,685230,98706,,
28/01/2022,687500,85119,,
29/01/2022,719590,71931,,
30/01/2022,736619,87205,,
31/01/2022,645732,76705,,
01/02/2022,647090,103836,,
02/02/2022,646604,86947,,
03/02/2022,655853,87936,,
04/02/2022,684371,82695,,
05/02/2022,717900,105458,,
06/02/2022,728213,95326,,
07/02/2022,656134,98063,,
08/02/2022,658249,103472,,
09/02/2022,647197,89055,,
10/02/2022,654581,116351,,
11/02/2022,678340,125264,,
12/02/2022,722671,161696,,
13/02/2022,713912,148486,,
14/02/2022,606069,116479,,
15/02/2022,634776,97102,,
16/02/2022,628817,105186,,
17/02/2022,637712,69676,,
18/02/2022,663239,133498,,
19/02/2022,718988,117116,,
20/02/2022,716977,185168,,
21/02/2022,635525,93368,,
22/02/2022,642124,87711,,
23/02/2022,656662,169384,,
24/02/2022,680600,166305,,
25/02/2022,661385,74609,,
26/02/2022,685785,74382,,
27/02/2022,693611,78976,,
28/02/2022,609882,75960,,
01/03/2022,607820,78182,,